id,conversation,timestamp,temp,Confidence,Frustration,Boredom,Curiosity/Interest,Engagement
1672,"Student: I think I got this question about vertical opposite angles correct, but I'm not totally sure. I chose angle C, is that right?

Tutor: Yes, you are correct. Good job! Vertical opposite angles are always equal. Can you tell me how you figured it out?

Student: Well, I remembered the rule you mentioned about vertically opposite angles, so I looked for the angle that would be directly across from angle p.

Tutor: That's exactly right. Can you think of the reason why vertically opposite angles are equal?

Student: I guess because they are formed by the same intersecting lines?

Tutor: Correct, they're formed by the same lines crossing each other. This means they have the same angle measure. Keep practicing and these concepts will become second nature. 

Student: That makes sense, thank you! I'll keep working on problems like this to make sure I have got the hang of it.
",20230910211236,temp1,Yes,No,No,Yes,Yes
1079,"Student: Gah, this question doesn't make any sense. I thought I knew it.

Tutor: Let's take this one step at a time. Can you walk me through your thought process on this problem?

Student: Well, I picked option B. It felt right because all the numbers were there and the operations too.

Tutor:Okay, but remember that the order of operations is essential in these kind of problems. Could you tell me which operation should be prioritized first?

Student: I remember from class that we're supposed to do multiplication or division first, right? But I just followed the operations from the text.

Tutor: That's correct, generally we follow the order of operations: brackets first, then multiplication or division, and lastly addition or subtraction. But here it depends on the context of the question. Read it once more?

Student: Ok fine, but I still don't get it. I did exactly what the text said - I started with 12 then subtracted 8, multiplied by 3 and added 2. What's wrong with that?

Tutor: You are doing right! The key here is to perform operations in the order they were mentioned in the problem, keeping the order of operations in mind as well. So, you start with 12, subtract 8, multiply by 3, and then add 2. Which of the options actually translates that into math?

Student: Oh, I get it. So it should be option A: (12 - 8) × 3 + 2.

Tutor: Exactly! You did a great job figuring it out!",20230910211244,temp1,No,Yes,No,No,Yes
5655,"Student: Ugh, I don't get this question at all!

Tutor: That's okay, let's break it down together. What does the question ask?

Student: It's about if n x 5 is greater or equal to n divided by 5. I thought it was always true so I chose option A, but apparently, it's wrong.

Tutor: Okay, let's see. What happens if we try a few values of n?

Student: I tried n=2, so 2 x 5 is 10 and 2/5 is 0.4, so it works in this case.

Tutor: Excellent trial. What about if we tried n = 0.1?

Student: Huh... then n x 5 would be 0.5, and n/5 would be 0.02. So it does work there too.

Tutor: Ok, what if we use n as a negative value, like -2.

Student: Hold on, -2 by 5 is -10 and -2 divided by 5 is -0.4. Oh wait, that doesn't work, because -10 isn't greater than or equal to -0.4.

Tutor: Good job! So, it seems that the statement isn't 'always' true, it's 'sometimes' true. When n is negative, the inequality doesn't hold.

Student: Got it... So the correct option is B. Sometimes true. My goodness, math can be tricky.

Tutor: Yes, it can! But you're doing great. Keep trying different solutions and you'll understand even the toughest problems.
",20230910211317,temp1,No,Yes,No,Yes,Yes
2700,"Student: I just finished this question, 2.1 x 400, but I don't know how I got it correct.

Tutor: That's fine! It is important to understand the process and not just the answer. Can you tell me what you did first?

Student: Uhm, I guess, I combined the numbers and tried to see which option matches my answer.

Tutor: Alright. Have you considered breaking it down into two parts? First, doing 2 x 400 and then adding 0.1 x 400?

Student: No, I didn't think of that. So, I do 2 x 400 first which is 800 and then 0.1 x 400 comes out to be 40. So I add them together?

Tutor: That's right! You add 800 to 40, what does that give you?

Student: It gives me 840! So that's how I got the answer?

Tutor: Absolutely! You've understood perfectly. Breaking down problems can often make them easier to solve. Keep practicing!",20230910211254,temp1,No,No,No,No,No
565,"Student: I'm having trouble with this rectangle problem.

Tutor: It's alright. Can you tell me what you've understood from the problem so far?

Student: Rectangle P is enlarged by a twice scale factor to make rectangle Q. I know the width of P is 5, but the width of Q has a star.

Tutor: That's great, you're on the right track! Now, what do you think the scale factor does to the dimensions of a shape?

Student: Well, I think it's supposed to make everything bigger... maybe doubling them?

Tutor: Exactly! So, if we apply a scale factor of 2 to the width of rectangle P, what do you think the width of rectangle Q should be?

Student: Umm... I suppose that would mean the width should be... 10?

Tutor: That's correct! The width of Rectangle Q should be 10 cm. Great job figuring that out. Now, does this make sense?

Student: I think so. So, whenever I see ""scale factor"", I just need to multiply the measurements by that number, right?

Tutor: Yes, exactly! You did really well with this problem!",20230910211239,temp1,Yes,No,No,Yes,Yes
369,"Student: Um, I guess I kind of understand this problem, but I'm not fully sure about my answer.

Tutor: That's okay! Could you tell me what answer you chose?

Student: I chose C. It was (4 - 2) x 3 = 6.

Tutor: That's correct! Can you explain how you decided on that answer?

Student: Well, I saw the -2 and then the x3 on the graphic. I thought I have to do subtraction first then multiplication.  

Tutor: Yes, you're right. The actions in the graphic were done in sequence, which is represented well by the parentheses in Option C. Great job! 

Student: But, uh, can you explain why the other options are incorrect? 

Tutor: Absolutely. Options A and D incorrectly put the multiplication before the subtraction, and option B lacks any parentheses which can imply different order of operations depending on mathematical convention. Putting the parentheses around the subtraction in option C, like you chose, guarantees the correct order. 

Student: Okay, I think I understand it better now. Thanks.
",20230910211238,temp1,Yes,No,No,Yes,Yes
1802,"Student: Hey, I got the answer right to this one but I'm kind of flustered.

Tutor: That's great that you found the right answer! But I'm curious, what's causing the confusion?

Student: It's about the arrow marked -15, I don't really get what that indicates.

Tutor: That's a good point. The idea is that the arrow represents moving -15 units along the number line. In Jo's case, the arrow moved from 12 to a point 15 units to the left of it, which is -3.  Does that make sense?

Student: So this means, the arrow is showing subtraction from 12?

Tutor: Exactly, though in reverse. It's subtracting 15 from 12 which takes us to -3. 

Student: Oh, then what about what Paul wrote?

Tutor: It's similar. Paul's equation shows that if we start at -3 and move 15 units to the right (which is adding 15), we'll end up at 12. It's basically the opposite direction compared to Jo's case. 

Student: Ah, okay. So the arrow direction along the number line shows whether we're adding or subtracting?

Tutor: Yes, that's a good way of understanding it.

Student: Got it, this makes a lot more sense now. Thanks! This concept of moving along the number line was really frustrating me!

Tutor: You're welcome! I'm glad I could help. The number line is a great visual aid in understanding addition and subtraction of numbers. Keep going with your practice!
",20230910211256,temp1,Yes,Yes,No,No,Yes
5717,"Student: I'm a bit lost with this question.
Tutor: No problem! Can you tell me what you are finding confusing?
Student: Yeah, I'm not sure how to tell if these line segments are parallel or the same length.
Tutor: Okay, let's tackle it one at a time. Starting with parallel lines, can you tell me what you know about them?
Student: Well, parallel lines never meet and they have the same slope right?
Tutor: Absolutely correct! Can you try to find the slope of each line segment?
Student: I'm not sure how to calculate that.
Tutor: No problem! The slope can be calculated as (y2-y1) / (x2-x1). Try calculating the slope for both segments.
Student: Alright, lemme attempt that. 
(After some time)
Student: Okay, I've got the slopes. They're different so the lines aren't parallel. But what about their lengths?
Tutor: Great job! Now for lengths, there's a formula - square root of ((x2-x1)^2 + (y2-y1)^2). Give it a try.
Student: I calculated the lengths and they are the same! So only Katie is right.
Tutor: Good work! Now you know how to determine the characteristics of line segments. Remember these methods as they will come in handy in the future.",20230910211317,temp1,No,Yes,No,Yes,Yes
5917,"Student: Hi, I am a bit unsure about this problem. 

Tutor: That's okay, can you tell me where you are getting stuck?

Student: Sure, I'll write it down this way: (3)^2 + (-16) [blank] (-5)^2. I know how to solve the squares but I am uncertain about the relation between them.

Tutor: Good job solving the squares. Now, what do you get when you solve them?
 
Student: (3)^2 becomes 9, and (-5)^2 becomes 25.

Tutor: Right, now how about the -16?

Student: Well, 9 plus negative 16 becomes negative 7.

Tutor: Great! Now compare negative 7 to 25. What symbol would make this sentence correct?

Student: The symbol should be less than, right? Because -7 is less than 25.

Tutor: Excellent! That's exactly correct. So, the answer is less than represented as ""<"". Well done!
",20230910211314,temp1,No,No,No,No,Yes
3764,"Student: I'm a bit confused with this question.

Tutor: That's okay. Can you tell me what part you're finding difficult?

Student: Well, I see two negative numbers multiplied on both sides. I know that makes a positive number, but the '-4' outside the brackets is throwing me off.

Tutor: That's a good observation. When a negative number multiplies the sum of two numbers, think of it as distributing the '-4' to both numbers inside the brackets. What happens when you do that?

Student: If we distribute '-4' to both numbers inside the bracket. Hmm... Does that make both the numbers negative?

Tutor: Exactly right! Now can you try and fill in the blanks with that logic?

Student: Okay, let me see... So, would the answer be D. -3, -7, 40 ?

Tutor: Brilliant! That's correct. You did a great job breaking down the problem.",20230910211256,temp1,No,Yes,No,No,Yes
1796,"Student: Ugh, this question is just impossible. I don't understand how to do it.

Tutor: That sounds frustrating. Can you show me what you've tried so far?

Student: I tried to just break it up. 0.1 divided by -1 and then the same with the 4. But it's just a mess.

Tutor: Let's take a step back first. When you divide by a fraction, it's the same as multiplying by its inverse. Do you remember that?

Student: I think so... So would that be like multiplying 0.1 by -4?

Tutor: You're on the right track. But remember the fraction is -1/4, not just -4. So you'd want to multiply 0.1 by -4/1 or simply -4.

Student: Alright, let me try that... so I'm getting -0.4?

Tutor: That looks correct. What's the closest answer to that among the choices?

Student: Well, A is -4/10, which is the same as -0.4 right?

Tutor: Yes, that's it! So A would be your answer.",20230910211239,temp1,No,Yes,No,No,Yes
704,"Student: This question, I can't really understand how to find the temperature difference.

Tutor: Sure thing! Can you tell me how you're trying to solve it? 

Student: I don't know, I guess I'm supposed to subtract, but the negative temperatures are confusing me...

Tutor: I see where the confusion is. Remember, we are trying to find the difference between two temperatures. So, we need to subtract. But if a number is negative? 

Student: Then I guess we should add it instead? 

Tutor: Exactly! So if we want to find the difference between 1pm on Thursday (+7) and 1am on Wednesday (-4), how would we do that?

Student: Hmm.. so instead of subtracting the -4, I add it to 7? 

Tutor: Right! So what's your final calculation?

Student: So it would be 7 -(-4), is that the same as 7+4?

Tutor: Yes, that's correct! You've got it.

Student: Ahh, got it! Thanks for your help, I think I understand these temperature problems better now.",20230910211239,temp1,Yes,No,No,No,Yes
2801,"Student: Hey, I got the answer right for this Indian number system question, but I guessed. I still don't really understand it. 

Tutor: That's alright, understanding is more important. Can you tell me how you approached the problem?

Student: Okay, I looked at the options and the number and I thought the number looked huge so I chose the biggest option - two crores. It was more of a gamble.

Tutor: Got it. Let's try to understand it better. The Indian numbering system works in thousands, lakhs, and crores. Do you know how many zeros are there in a lakh and a crore?

Student: A lakh has 5 zeros and a crore has 7 zeros, I think.

Tutor: Yes, that's correct. So, by looking at the number of zeros in the question, can you now identify if the number is in lakhs or crores?

Student: So there are 8 zeros...that makes it two crores, right?

Tutor: Yes, exactly! That is how you differentiate between lakhs and crores in the Indian numbering system.

Student: Gotcha. So I don't need to just guess but use the amount of zeros to figure out the place value. Thanks for explaining, it makes sense now. 

Tutor: You're welcome. I'm glad it makes sense now! Let's try to use this logic for the next questions, alright?",20230910211302,temp1,Yes,No,No,Yes,Yes
5587,"Student: I'm struggling with this one.

Tutor: I see, could you tell me what you've tried so far?

Student: I thought that the answer would be simply multiplying 1065 by 8, but the answer choices are throwing me off.

Tutor: Ah, I see. The choices do seem odd, but think about it like this: You're doing the multiplication but breaking down 1065 into its individual components, like 1000+60+5. Then multiplying each by eight. Does that help?

Student: Oh, so I multiply each part by 8 individually. Got it. But I'm confused about which option to choose.

Tutor: No worries, let's take it step by step. If you multiply 1000 by 8, what do you get?

Student: I get 8000.

Tutor: Good! Now try the same for the other components of 1065.

Student: When I multiply 60 by 8, I get 480. And 5 by 8 gives me 40.

Tutor: Great! Now try to look for an option that adds up these individual products.

Student: That's going to be Option B: 8000 + 0 + 480 + 40. Right?

Tutor: That's correct! You've got it! Keep practicing, it gets better with time. 

Student: Thanks, I'll keep trying.",20230910211316,temp1,Yes,Yes,No,No,Yes
5855,"Student: I'm not able to figure out this question.

Tutor: No worries. You're doing well so far. Could you tell me what the question is asking?

Student: It's asking for the area of a parallelogram.

Tutor: Okay, do you remember the formula to calculate the area of a parallelogram?

Student: It's base times height...but, this one has slanted sides and I'm not sure how to find the height.

Tutor: Yes, that's the right formula. In this case, you might need to use your knowledge about triangles to find the height of the parallelogram. 

Student: Is it the opposite side of the triangle formed by the slanted side?

Tutor: Precisely correct! Now, can you calculate the area using the given base and the height you've just figured out?

Student: So the base is 3 and height is 1, so it's 3 times 1 right?

Tutor: That's right! So the area of the parallelogram is...?

Student: It's 3. So, the area of the shape would be 3 times 2 which is 6.

Tutor: Absolutely right! So the answer is A. 6. Fantastic job!",20230910211315,temp1,No,No,No,No,Yes
4281,"Student: I'm getting stuck on this question. I don't get it.

Tutor: That's alright. Can you tell me which part is confusing you?

Student: I'm not sure which statement is true when n = -2. I thought it was A. 3n = 4n - 2.

Tutor: I see where you're coming from. Let's try to evaluate each side of that equation. What do you get when you plug -2 in for n?

Student: Let me see. For the left side, 3*(-2) is -6. And for the right side, 4*(-2) - 2 equals -10.

Tutor: That's perfect so far. Now that we know both sides of the equation, do they appear equal?

Student: Oh, no, they don't. 

Tutor: That's correct. So, the equality isn't true. Would you like to try evaluating the statements B and C?

Student: Alright. So if I plug -2 into B, I get -6 < -10. But that's not right, is it?

Tutor: Correct, -6 is not less than -10. Let's check statement C now.

Student: Then for C. I get -6 > -10, and this seems right because negative six is greater than negative ten on the number line!

Tutor: Exactly! Well done. It seems like statement C is the correct one. Does that clarify things for you?

Student: Yes, it does! Thanks for the help. I was really frustrated with this one.
",20230910211306,temp1,Yes,Yes,No,No,Yes
2881,"Student: I'm confused about this question.

Tutor: That's perfectly fine. Can you tell me what you find confusing about it?

Student: I'm just not sure about the star part. It's confusing.

Tutor: Alright, let's break the question down. The question asks for a value to insert in place of the star and gives multiple options. What do you think is the next step?

Student: I need to find out what to put in place of the star to balance the equation, right?

Tutor: Exactly, that's a good starting point. Do you recall how to handle equations like this one?

Student: Doesn't it mean that both sides of the equal sign should be the same?

Tutor: Yes, you're correct. So whatever replaces the star should make sure the two sides of the equation are the same when you calculate them. Have you tried any of the options?

Student: I tried C. I multiplied 4 by 32 and added 52 but that didn't work.

Tutor: That's a good attempt, but remember to carefully consider the mathematical operations in each option. Shall we try another option?

Student: Okay, let's try A. Maybe if I multiply 4 by the whole of (32 + 52)...

Tutor: Excellent choice! Tell me what you get when you calculate that.

Student: I got 336. It's equal to 4X7X12... So the answer is A?

Tutor: You've got it! Well done, the correct answer is indeed A: 4(32 + 52). Keep practicing, it will get easier!",20230910211304,temp1,No,No,No,No,Yes
1694,"Student: Ugh, I'm really stuck on this triangle question.

Tutor: I'm here to help! Can you tell me what you've done so far?

Student: Well, I drew the triangle with the sides as given, but I have no idea how to measure angle ACB.

Tutor: Great start! Do you remember the cosine rule for finding an angle when we know all the sides of a triangle?

Student: Oh yeah, is it cos(C) = (a² + b² - c²) / 2ab?

Tutor: That's correct. Try to substitute the side lengths we know: AB = 7, BC = 8, and AC = 6.

Student: Okay, so if I put these numbers in... I get cos(C) = (49 + 36 - 64) / (2 * 7 * 6)... which gives me... -0.08928.

Tutor: Good job! You've found the cosine of angle C. But we aren't done. How would you find the actual value of the angle?

Student: I should use the inverse cosine function, right?

Tutor: Correct! Go ahead and calculate the inverse cosine of -0.08928.

Student: Um, that gives me 95.14 degrees. But that's not one of the options.

Tutor: Hmmm... it seems like there might be a misunderstanding. Let's look at the equation again. Can you tell me which side lengths corresponded to the variables a, b, and c you used?

Student: I used AB for 'a', BC for 'b', and AC for 'c'.

Tutor: Here is where the confusion lies. In the Cosine rule, c is the side opposite to the angle we're trying to find. In our case, angle C is ACB, so BC should be 'c'. Can you try calculating with this in mind?

Student: Oh, I see now. When I do the calculation again, I get approximately 58 degrees. So, the correct answer should be option C.

Tutor: Exactly! Good job! You've successfully applied the Cosine Rule to find the unknown angle.",20230910211252,temp1,Yes,Yes,No,No,Yes
5041,"Student: Hey, I'm kinda stuck on this problem.

Tutor: No worries, let's see if we can work it out together. Could you tell me what the problem is about?

Student: Well, it's a number line problem. There's this red arrow going from -2 to 8 and I have to figure out the calculations it represents.

Tutor: Alright, could you tell me what the choices are?

Student: Okay. A. 10-2 = 8 and 10+8 = -2, B. -1 + 10 = 8 and 8 - 10 = -2, C. -2 + 8 = 10 and -2 -8 = -10, D. -2 -10 = 8 and 8 + 10 = -2 

Tutor: Good. Now let's consider where the arrow starts and where it ends, which are -2 and 8. Can you see a calculation that represents this?

Student: Yeah, it seems like -2 + some number should give us 8...

Tutor: Right. So which choice seems to fit that pattern? 

Student: Looks like it is B. Since -1 + 10 equals 8 and 8 - 10 equals -2, both fit the direction of the arrow.

Tutor: Great thought process! Do the calculations in the second part of each choice also make sense? 

Student: Yeah, B fits here too because 8 - 10 does give -2. 

Tutor: Excellent! You've figured it out. Fantastic job! Keep using this process as you go along.",20230910211314,temp1,No,No,No,No,Yes
356,"Student: Ugh, I'm stuck with this triangle construction question.

Tutor: I see, let's tackle it step by step. What seems to be the problem?

Student: Well, it's about Jo saying we need only 2 side lengths to construct a triangle and Paul saying we need a protractor... I initially thought that only Jo was correct.

Tutor: It's good that you've been considering the different angles. So, let's break this down. Do you think we can construct a triangle with only any known 2 sides?

Student: Hmm, I guess not. We'd need another side or angle to know the shape of the triangle, right?

Tutor: Precisely! And what about Paul's claim that we need a protractor to construct a triangle?

Student: Well, you'd need that if you know the measures of the angles. But it's not always necessary... Right?

Tutor: Very good! So, what do you think, is Jo correct, or Paul, or both, or neither?

Student: After thinking, I guess it's neither. To construct a triangle, we need more than just 2 side lengths or just a protractor.

Tutor: Excellent reasoning, that's exactly right. Neither Jo nor Paul have all the elements needed to construct a triangle. We need a bit more information!
",20230910211243,temp1,No,Yes,No,Yes,Yes
319,"Student: Ugh, I keep getting stuck with this square problem. 

Tutor: That's okay, we can work through this together. Can you tell me what you've done so far? 

Student: Well, I just thought I had to compare the side lengths, and since the rhombus has a larger diagonal, I chose that its area would be bigger. But I guess that's not correct?

Tutor: It's a common misconception. While the diagonals of the rhombus are longer, we need to consider how area is calculated. Do you remember the formula for the area of a square?

Student: It's side length squared, right?

Tutor: That's correct! Now, what's the formula for the area of a rhombus?

Student: Isn't it like half the product of the diagonals or something?

Tutor: Exactly! Half of the product of the diagonals. So, in the case of our rhombus with a diagonal of 4, what would the area be?

Student: Umm, would it be 8?

Tutor: Not quite, remember the diagonal is also serving as the two sides of the square. So, it would be 1/2 * 4 * 4.

Student: Oh, so it's 8 actually.

Tutor: Close, but remember we're multiplying 4 by 4, which gives us 16. Half of 16 is?

Student: Oh, now I see...it would be 8.

Tutor: Right! Now, how about the area of the blue square with side length 3?

Student: That would be 9, because 3*3 is 9.

Tutor: Bingo! So, now you can see that the blue square does indeed have a larger area than the red rhombus. 

Student: I think I understand it now, thanks for explaining!",20230910211251,temp1,Yes,Yes,No,No,Yes
5174,"Student: Hey, I answered this question correctly, but I'm not entirely confident about my understanding. The question was ""Square numbers have an odd number of factors"". I chose 'always true' but I'm not fully convinced. 

Tutor: Let's try to understand why this is. Can you try to think of what square numbers are and how we can get them?

Student: I know square numbers are numbers you get when you multiply a number by itself. Like 4 is a square number since 2*2 is 4. 

Tutor: That's correct. Now, if we take the square number 4 for example and list its factors, what are they?

Student: The factors of 4 are 1, 2 and 4.

Tutor: Exactly. How many factors did you find for the square number ‘4’?

Student: So that's three factors. And 3 is an odd number...

Tutor: Excellent! So can you try another square number to see if this pattern holds?

Student: Ok, I'll try 9 because it's 3*3. And the factors are...1, 3 and 9! Again, that's an odd number of factors. So I guess that means the statement is always true!

Tutor: You got it! That's a great job you've done there proving it to yourself! Keep up the good thinking!",20230910211310,temp1,No,No,No,Yes,Yes
1785,"Student: I'm really struggling with this Venn diagram question.

Tutor: I'm here to help. Can you tell me what you understand from the question?

Student: From what I understand there're two circles, one inside the other. The bigger one represents multiples of a number they call the 'triangle'. The circle within that one, a subset, represents multiples of a number called 'square'.

Tutor: That's correct. The key is to understand that all multiples of the 'square' number are also multiples of the 'triangle' number. Can you try to apply that concept to the options provided?

Student: I see... Well, looking at the options... I'm not sure. I picked A as my answer because 12 is a multiple of 8. But the system said it's wrong.

Tutor: 12 is indeed a multiple of 8, but remember, the smaller circle, 'square', is a subset of the larger circle, 'triangle'. So we need to find a 'triangle' number that all multiples of the 'square' number also are multiples of. Another approach is to look for an option where 'triangle' is a divisor of 'square'. 

Student: Ok, I think I understand now. Looking at the answers again... I think the answer might be D. Is that correct?

Tutor: Yes, that's correct! Option D means every multiple of 8 is also a multiple of 4, which fits the Venn diagram. Well done for figuring that out!
",20230910211243,temp1,Yes,Yes,No,No,Yes
5677,"Student: I am not totally sure how I arrived at the answer for this problem.

Tutor: That's okay, let's try to figure it out together. Can you tell me what you thought when you first read the problem?

Student: Well, I looked at both statements and tried to do the math in my head. I felt that Katie's statement was correct, but I was a bit confused.

Tutor: That's a good start. Can you explain why you thought Katie's equation was correct?

Student: I remember something from class about the distributive property of multiplication over addition. I thought it meant that you should multiply the number outside the parentheses with each number inside the parentheses separately.

Tutor: That's correct! The distributive property says that a*(b+c) = a* b + a * c. Sounds like you understood it.

Student: Yeah, it makes sense now. But I still feel a bit unsure.

Tutor: It's completely normal to feel that way, especially with new concepts. With more practice, you'll become more comfortable. Keep up the good work!

Student: Thank you. I will try to remember the distributive property concept for future problems.
",20230910211312,temp1,No,No,No,No,Yes
526,"Student: This question is really stumping me, I'm not sure how to work around it.

Tutor: That's alright, let's try to tackle it together. Could you tell me your understanding of the given diagram? 

Student: Well, from what I can see, r is further than p and q. But I'm confused about how to represent that in algebraic terms.

Tutor: Good observation! Now consider the lengths of p and q. Are they the same or different?

Student: Both p and q are one away. But, q is diagonal, does that make a difference?

Tutor: Yes, indeed! So, if you consider the length of a diagonal versus the length of a straight line, which do you think is longer?

Student: Oh, a diagonal line is longer than a straight line.

Tutor: That's correct! Now, if we add the lengths of a p line and a q line, would that be shorter or longer than r?

Student: Hmmm, the combined lengths of p and q would be shorter than r, right?

Tutor: Yes, exactly! So, what symbol do you think would be fitting to represent r in comparison to p + q? 

Student: Oh, I get it now! It has to be less than, symbol B.

Tutor: Great job! You've worked through it well. It's crucial to think about these geometric principles when working with algebraic representations.
",20230910211244,temp1,No,Yes,No,No,Yes
4628,"Student: Hey, I'm stuck on this question about coordinates. I can't seem to get the right answer.

Tutor: That's all right. Can you tell me how you approached the problem?

Student: Well, I knew that Q was halfway between P and R since they're equally spaced. So, I just subtracted the coordinates of R from P and divided it by 2 and I chose answer A. But it's incorrect.

Tutor: I see. Now let's try to break this down, okay? We're looking for the coordinates of the point Q that lies in between P and R, right? To find the x-coordinate of Q, what should you do?

Student: I guess I should get the average of the x-coordinates of P and R, right?

Tutor: Yes, that's correct! Now could you try to apply the same logic to find the y-coordinate?

Student: So, I should take the average of the y-coordinates of P and R. That gives me... Oh! I see, I made a mistake. The coordinates are (-1,2). 

Tutor: Excellent job, you got it! The answer is indeed C, (-1,2). Your mistake was understandable and it's a great opportunity to learn. Well done solving it correctly this time.
",20230910211304,temp1,No,Yes,No,No,Yes
208,"Student: Ugh, this question is so confusing! I can't figure it out.

Tutor: I understand it can be challenging. Can you tell me what you've tried already so we can work through it together?

Student: Well, I was thinking that a number might be a multiple of 2, 3, or 5, but not always a multiple of 30.

Tutor: That's a good start! However, let's think about what makes a number a multiple of 30. Can you think of what factors you need for a number to be a multiple of 30?

Student:  Oh, I guess a number needs to be a multiple of 2, 3, and 5, to be a multiple of 30. Is that right?

Tutor: Exactly, you got it! So, what might that tell you about the relation between being a common multiple of 2, 3, and 5 and being a multiple of 30?

Student: Hmm... I think I get now. Because a number needs to be a multiple of 2, 3, and 5 to be a multiple of 30, it means if you have a number that is a common multiple of 2, 3, and 5, it must also be a multiple of 30.

Tutor: Spot on! So, how does that reflect on the statement in the question? Is it always true, sometimes true, or never true?

Student: Based on my understanding now, it seems like it's always true.

Tutor: Well done! You got it! Don't worry about the initial confusion, it's always a victory in the end when you can sort it out!",20230910211248,temp1,Yes,Yes,No,No,No
1764,"Student: Hey, this math problem is bugging me. 

Tutor: No worries, let's figure it out. What's the problem?

Student: The question is 2p equals something. I have to use a diagram with rectangles to complete the equation. But there are too many rows, and I can't figure out how the rectangles relate to each other.

Tutor: It sounds like you're off to a good start. Can you tell me more about the diagram, and what you're having trouble with?

Student: Well, the first row has three rectangles each worth p. The second row has four rectangles each worth g. The third row has six rectangles each worth r, and the last row has twelve rectangles, each worth w. The question gives me options A. 3g, B. 5r, C. 8w, and D. 8r. 

Tutor: Alright, let's start by taking what we know. The problem says 2p equals something, correct?

Student: Yes. 

Tutor: Now, let's think about how we can figure out how much 2p is worth according to the diagram.

Student: Okay. Each rectangle in the first row is worth p, and there are three rectangles. So 2p would be two of those rectangles. 

Tutor: That's correct! So, which row has the same number of rectangles as 2p?

Student: That would be the fourth row, it has twelve rectangles and each is worth w.

Tutor: Good job! How many groups of 'two rectangles each' are there in this row of twelve rectangles?

Student: Well, if i group them in twos, that gives me 6 groups.

Tutor: Perfect! And since each group represents 2p, we can say that 2p equals 6w. Which is the equivalent value in the answer choices provided in the problem?

Student: Oh, I see now. It's answer choice C: 2p = 8w... wait no, that's not right! We said 2p equals 6w. Am I missing something?

Tutor: Let's double check, what’s the value of each rectangle in the final row?

Student: Each one represents w... oh, I know what I did wrong. Each group of two rectangles is w, so twelve divided by two is six. Six times w gives us 6w, but since we want 2p, we're actually taking two of those groups for each p. So 2p equals 2 * 6w, which equals 12w. But there's no such option.

Tutor: You're right in your realization, but I think there's a small mistake in our approach. Let's revisit the concept. '2p' represents two rectangles from the first row, correct?

Student: Yes, that's what we agreed on.

Tutor: And the last row, with the twelve rectangles, each represents w. Now think about it this way: if we agree that two rectangles equal 'w', then how many 'w' in the twelve rectangles?

Student: Ah, I get it now! If two rectangles are one 'w', then there must be twelve divided by two 'w', which is six 'w'. My bad.

Tutor: That's alright! Now, refer back to the choices given. Do you see the correct answer?

Student: It's option C: 8w! What a slip! Thanks for being so patient and helping me to understand!

Tutor: Absolutely, you did all the hard work there and figured it out. Well done!",20230910211310,temp1,No,Yes,No,No,Yes
357,"Student: I'm having trouble with this one. 

Tutor: Don't worry, let's break it down together. What part are you finding difficult?

Student: I'm not sure how to figure out which direction and how many squares we have to move.

Tutor: Okay, let's start by examining the first point (5,-2). What do these numbers tell you?

Student: The point is 5 units to the right from zero on the x-axis and 2 units below it on the y-axis?

Tutor: That's right! So now, let's look at the second point (0,1). What does this tell you?

Student: That this point is exactly on the y-axis 1 unit above.

Tutor: Exactly! So how many squares and in which direction do you think we would need to move to get from (5,-2) to (0,1)?

Student: We need to go left 5 squares and up 3 squares I think.

Tutor: That's correct! So, in terms of directions, that would be?

Student: West 5 squares, north 3 squares!

Tutor: Well done! You've got it. Keep practicing this way, and you'll master these types of problems.",20230910211241,temp1,No,No,No,No,Yes
3691,"Student: I'm not so confident about this question.

Tutor: That's okay, we can work through it together. What is the question asking us to find?

Student: It says that Jack's number is a prime number and a multiple of 7. I don't understand what a prime number is.

Tutor: A prime number is a number that has only two distinct natural number divisors: 1 and itself.

Student: So Jack's number is a prime number, which means it only has two divisors, and it is a multiple of 7?

Tutor: That's right! So the number should only be divisible by 1 and itself and also by 7. Can you now try and figure out the right answer?

Student: Okay, well it can't be 1 because it's not a multiple of 7, and it can't be 17 or 49 because they aren't prime numbers. So it must be 7?

Tutor: Exactly! 7 is a prime number and it is a multiple of itself, so it meets all the conditions. Great work deducing that!",20230910211259,temp1,No,No,No,No,Yes
1199,"Student: Um, I'm not certain about this, but I believe the answer to -5 [blank] = -9 is A. -4.

Tutor:  That's a good start. Can you explain why you think the answer is A?

Student:  Well, I was just thinking that if I add -4 to -5 I'll get -9. 

Tutor: That is solid logic. Do you understand why adding -4 to -5 equals -9?

Student: Yeah, so when you have two negative numbers, you kind of add them together which makes the number more negative, yeah?

Tutor: Yes, exactly. That's very good understanding of how negative numbers work. Great job! 

Student: Okay, I think I get it now. Thank you for explaining. 

Tutor: You're welcome! Don't hesitate to ask if you have more questions.",20230910211235,temp1,Yes,No,No,No,Yes
5164,"Student: I'm not really sure if I got the last question correct.

Tutor: Alright. Can you tell me what you understand about the question?

Student: Well, I'm supposed to find which protractor is correctly positioned to measure the obtuse angle shown in red. Both protractors A and B have the red line marking the angles.

Tutor: That's true. So how did you tackle this problem?

Student: I figured that since both protractors A and B have the red line, both would correctly measure the angle. So, I picked option C. But now, I'm second-guessing myself.

Tutor: You're on the right track. Both protractors would give you the correct measurement of the angle. The positioning doesn't change the measurement, it's just about which side you're reading from. So, option C was indeed the correct choice. 

Student: Oh, I guess I understood it correctly then! It's just a matter of understanding the reading from both sides.

Tutor:   Exactly! Great job! Just remember, whether an angle is labeled on its left or right, the measurement will still be the same. Keep this in mind for future questions. 

Student: That makes a lot of sense. I'll keep this in mind. Thank you for your help!",20230910211309,temp1,No,No,No,Yes,Yes
5549,"Student: I really thought I had this question right, but I didn't. I don't understand! 

Tutor: That's alright! Let's find the correct answer together. What can you tell me about a parallelogram and its sides? 

Student: Well, I know a parallelogram has 4 sides.

Tutor: That's correct. Now, do you know anything about their alignment?

Student: Yes, the opposite sides are equal, right?

Tutor: Yes, and they have another special property related to parallelism.

Student: Oh! They are parallel, aren't they? 

Tutor: Absolutely! Now, how many pairs of parallel sides do we have in a parallelogram?

Student: Oh, I see. There are two pairs of opposite sides, so it's two pairs of parallel sides, isn't it?

Tutor: Exactly right! Good job in figuring it out!",20230910211306,temp1,Yes,Yes,No,No,Yes
5762,"Student: Hey, I don't understand this problem with the thermometer scale.
Tutor: Sure, I'd love to help! Which part are you finding difficult?
Student: I don't understand how to interpret what the arrow is showing and what calculation it represents.
Tutor: Alright. Let's take it step by step. The arrow is pointing from -3 to 6. Can you tell me what is the difference between these two positions on the scale? 
Student: Yeah, that's 9. Because 6 minus -3 equals 9.
Tutor: Perfect! So, the arrow is indicating a change of 9 units. What might be the starting point of this change?
Student: The arrow starts at -3, right?
Tutor: Exactly, we begin at -3. Now if we add the change of 9 units, where do we end up?
Student: We end up at 6. So the calculation is -3 plus 9 equals 6.
Tutor: Absolutely correct! So, which option would that corresponds to?
Student: That corresponds to option A. -3 + 9 = 6.
Tutor: You've got it! Good job deciphering this question.",20230910211314,temp1,Yes,No,No,No,Yes
804,"Student: Hey, I answered this question correctly, but I'm not sure I truly understand why.

Tutor: That's okay, it's great that you're seeking clarity. Could you tell me which part of the problem you're unsure about?

Student: I feel confused about why the answer is 'X = 3', and not the others. They kinda look similar.

Tutor: I see. The equation ""X = 3"" represents a vertical line that goes through the point where x equals 3 on the horizontal axis. Do you recall what the x-axis represents in a cartesian plane?

Student: Yes, x-axis is the horizontal axis, right?

Tutor: That's correct! Now, imagine a line that doesn't go up or down, only straight across at the point where x equals 3. That's what ""X = 3"" describes. Does that make sense?

Student: Okay, I think I get it. But why can't it be 'y = 3'?

Tutor: That's a good question. ""y = 3"" would imply a horizontal line that cuts through the point where y equals 3 on the vertical axis. It's a completely different direction from ""X = 3"". Can you visualize that difference?

Student: Yeah, I can now. It's vertical versus horizontal. Thanks for your help!

Tutor: Exactly! I'm glad to see you've got it. Don't hesitate to reach out if you have more questions.",20230910211242,temp1,Yes,No,No,Yes,Yes
1790,"Student: This number line thing's got me stumped.

Tutor: It's okay, let's try to work it out together. Can you tell me what you understand so far?

Student: Well, I know the arrow's positioned somewhere between -4 and -2. But I'm not sure what that could mean.

Tutor: Well, that's a good start. The question is asking for which of the given options the arrow could be pointing at. What do you think?

Student: It can't be -3.5 because that's closer to -4, right? 

Tutor: Actually, the arrow could very well point at -3.5. It's in half between -4 and -3 and that's where -3.5 is found. If you marked the number line from -4 to-2 in 0.5 steps, the arrow would point at -3.5.

Student: Oh, I see. It makes sense now. I was thinking in bigger divisions.

Tutor: That's a common mistake but I'm glad you understand now. It's always a good idea to break things down into smaller steps in such cases.

Student: Thanks, I think I've got it now! -3.5 is the answer.

Tutor: Yes, that's correct! Well done, keep going!",20230910211242,temp1,No,Yes,No,No,Yes
3371,"Student: I think the question might be wrong. How can 8 square be a part of data representation?

Tutor: Good observation. But in this case, the question is focusing on the basic math operation, which is squaring a number. It's the underlying math concept that's often used in data and statistics.

Student: Oh, I see. So it's about squaring 8?

Tutor: Yes, exactly. Do you remember how to square a number? 

Student: I think it means multiplying the number by itself, right? So it should be 8 times 8.

Tutor: You're correct. That's the way to square a number. 

Student: So, it should be 64?

Tutor: That's right! Well done! The square of 8 is indeed 64, so the answer is B. Keep up the good work!",20230910211254,temp1,Yes,No,No,No,Yes
1947,"Student: I'm really banging my head against this algebra question.

Tutor: Aw, don't worry too much. What does the question ask?

Student: It's (2 + 10 x 3)/4, and I keep getting answer C. 30.5 But it's incorrect.

Tutor: Okay, let's break it down together. Do you remember the BODMAS rule for the order of operations?

Student: Yeah, brackets, orders, division and multiplication, addition and subtraction, isn't it?

Tutor: Exactly! So you should start here with multiplication then proceed to addition and division. 

Student: Okay, let's give it a try. That would make it (2 + 30)/4, which equals to 32/4, and after dividing, I should get 8 then.

Tutor: Spot on! You used the BODMAS rule correctly and got the right answer. So, the correct choice would be B. 

Student: Ah, I see where I got it twisted now. Thanks for helping me clear that up.",20230910211251,temp1,Yes,Yes,No,No,Yes
2780,"Student: I don't understand why this question about factors relates to geometry and angles?

Tutor: That's a good observation,'s sometimes problems can touch on different subject areas. However, in this problem, we're really working on numerical proficiency. Factors are something fundamental in Math. 

Student: Alright, but I'm still confused. I thought 11 only has one factor which is 11 itself.

Tutor: That's half correct. A factor is a number that divides into another number exactly. So while 11 is indeed a factor of 11, there's another one. Can you guess what it is?

Student: Is it 1? Because I think 1 can divide any number.

Tutor: Absolutely correct. So, how many factors does 11 have? 

Student: Oh I see, so the correct answer is 2 factors, which are 1 and 11 itself.",20230910211251,temp1,No,No,No,Yes,Yes
805,"Student: I'm totally stuck on this problem!

Tutor: That's okay. Could you tell me what problem you're working on?

Student: It says, ""The product of two numbers is -30. What could the two numbers be?"" and has four options. I selected option B, ""-20 and -10"", but it was wrong.

Tutor: Okay, let's try to work through it. Start with what you understand about a product of two numbers being a negative.

Student: The product is negative when one of the numbers is negative and the other is positive, right?

Tutor: That's correct! Now, looking at our options, can you identify which one matches your understanding?

Student: Hmm...I think it's ""C. -6 and 6"". The product of these two would give us -30.

Tutor: Yes, you got it! That's exactly right. We had to find one positive and one negative number whose product would be -30, and -6 and 6 are the correct pair. Excellent work!",20230910211235,temp1,No,Yes,No,No,Yes
2303,"Student: This question is tricky for me, I can’t figure out the length of the other diagonal in the rhombus.

Tutor: Let's work through it together! What do you know about a rhombus and its diagonals?

Student: Umm, I remember that diagonals of a rhombus are perpendicular bisectors of each other.

Tutor: That's correct! Now, if we know one of the diagonals is 24 cm, how can we use the side length to find the other diagonal?

Student: I remember something about the Pythagorean Theorem. But shouldn't we have a right angle triangle for that?

Tutor: Yes, you're on the right track! If you draw in the other diagonal, it splits the rhombus into two right triangles. Can you tell me the lengths of two sides of one of the right triangles?

Student: One side is half of 24 cm, which is 12 cm. The other side is the length of the rhombus, which is 15 cm.

Tutor: Perfect! Now you can apply the Pythagorean theorem. Do you remember how it goes?

Student: Yes, it's a square plus b square equals c square. So, this means (15^2) - (12^2) = c^2, right?

Tutor: Spot on! Can you solve for c?

Student: So c^2 equals 81, and if I take the square root of that, I get 9.

Tutor: You're close, remember we want the length of the whole diagonal, not just half of it.

Student: Oh I see, so the length of the whole diagonal must be twice of 9 cm, which is 18 cm!

Tutor: Excellent, well done! Use this method to solve similar problems in the future. Keep practicing!",20230910211308,temp1,Yes,No,No,No,Yes
2828,"Student: Ugh, I can't wrap my head around this angles question. I mean, I got it right, but I don't know if it was pure luck or if I actually understood it.

Tutor: That's okay! Let's try to figure it out together. Could you tell me what you understand about the angles so far? Maybe we can start there. 

Student: Mmm, okay. I picked option C because, well, somehow it felt right. I think for straight lines, the angles on the line should add to 180 degrees.

Tutor: That's a great start! You're correct that the angles on a straight line add up to 180 degrees. So why did you feel unsure about your answer?

Student: I guess I had a hard time remembering the property about straight lines, and the other options kinda made me second-guess myself.

Tutor: It's normal to second guess, especially with several options available. The important thing is, you applied the correct property. You may just need a bit more practice to solidify this knowledge. So you understand why the answer wasn't A, B, or D?

Student: Yeah, I think so. A and B are less than 180, so they can't be right. And D is too big, 360 is a full rotation, right?

Tutor: Exactly! You've got it. A full rotation is indeed 360 degrees. And with straight lines, we're only dealing with half a rotation, so 180 degrees. Don’t worry, with practice, this will become second nature! You did great. 

Student: Thanks for the help. I guess I did understand it after all.",20230910211306,temp1,Yes,Yes,No,No,No
2277,"Student: Hey, I think I've got the correct answer to this problem, but I'm not completely sure. 

Tutor: Alright, can you tell me how you solved it and what result you have reached?

Student: Sure, for the expression 8g + 20, I tried breaking it down like Katie and Tom. Tom’s method seems to be right as 2 times 4g is 8g and 2 times 10 is 20 but when I follow Katie’s method and tested 8 times g+5 it equals 8g+40, not 8g+20. So I think only Tom is correct, would be it the right answer?

Tutor: You traced the steps correctly - no doubt, Tom is indeed correct. However, Katie's method didn't work because when distributing the 8, the result is different from the intended expression. Good job on catching that! 

Student: Thank you, that makes me feel a bit more confident! But I'm wondering, how would Katie need to change her way for it to be correct?

Tutor: Good question! For Katie to be correct, she would need to say you could write it as 8(g + 2.5), because 8 times 2.5 equals 20.

Student: Okay, I see. I'll remember that. Thanks!

Tutor: Absolutely! Remaining curious and asking questions is a big part of learning. Well done!",20230910211256,temp1,Yes,No,No,Yes,Yes
3187,"Student: Ugh, I don't get this... 

Tutor: That's alright - take a deep breath. What exactly do you need help with?

Student: It's this question with squares grid. They all have height 5 and width 17 but I can't figure out which calculation it represents.

Tutor: Okay, let's think about it. All of them have the same shape, right? So, what's the area of one square?

Student: The area is length times width... So that would be 17 times 5... That's 85.

Tutor: Great job! So if one square represents 17 times 5, or 85, what would three squares represent?

Student: Um... I guess that would be 255? Because 85 times 3 is 255.

Tutor: Correct. But that doesn't match any of our answer choices. Can we express 255 in terms of 34? 

Student: Oh, I see. 255 divided by 34 is 7.5, so I guess it's 34 times 7.5. But there's no such option here.

Tutor: You're very close. The problem might be in the calculation of the number of squares. 

Student: Oh, wait! There are two squares in the top row and one in the bottom row. Two of them represent 34 times 5 because that's two lengths of 17. The third one is the same so the total would be 34 times 5 twice... which is like 34 times 10.

Tutor: Almost there! You're right that two squares represent 34 times 5, but how many times total do we have that same square?

Student: Oh... Three times! So it's not 34 times 10, it's 34 times 5 three times... Okay, so that's option B, 34 times 5!

Tutor: That's correct! Well done for working it out! Very thoughtful talk-through.
",20230910211307,temp1,No,Yes,No,No,Yes
350,"Student: Uhh, hey. I don't get something here in this problem.

Tutor: No problem at all. Could you please point out what's confusing you?

Student: Well, there's this equation: (a + b) ÷ c and it says it's the same as frac{a + b}{C}. I was thinking maybe sometimes they might be the same, not always.

Tutor: I understand why that might seem confusing. Let's see, can you think of what the division symbol represents in a mathematical context?

Student: It's like dividing stuff, right? Like sharing or splitting?

Tutor: Yes, exactly! Now think about a fraction. Isn't a fraction also about splitting something into parts?

Student: Aha, right, it is. So both are about dividing. But does that mean they're the same all the time?

Tutor: Good question! Knowing that both are division, do you think the relationship is always true, sometimes true, or never true?

Student: I'm gonna guess... always true?

Tutor: Bingo! That's correct. No matter what a, b, or c are, the fractional form is always equivalent to the division. Nice thinking there! 

Student: Ah, got it. That makes sense. Thanks!",20230910211242,temp1,No,No,No,No,Yes
4875,"Student: I'm stuck with this problem here.

Tutor: That's perfectly okay. Could you explain what part is tripping you up?

Student: Well, I'm not sure if I counted the dots correctly in Pattern 4.

Tutor: How about we step through each Pattern together to make sure we're counting accurately? 

Student: Okay, so Pattern 1 has a L shape with a height of 4 and width of 3, so I think that's 12 dots...

Tutor: Good. And what about Pattern 2? 

Student: Pattern 2 adds a column of 4 dots, so that should be 12 from Pattern 1 plus these 4...so 16 dots?

Tutor: Perfect. So now let's consider Pattern 3.

Student: Pattern 3 adds another column of 4 dots to the left... so that's 16 from Pattern 2 plus 4 more that's... 20 dots then.

Tutor: Excellent! So, now onto Pattern 4...

Student: Pattern 4 adds another column. So adding 4 dots to the 20 from Pattern 3 makes it 24. Is that right?

Tutor: Yes! Your counting was correct. Pattern 4 should indeed consist of 24 dots. Good job working through that. 

Student: Oh great, I got it now. Thank you!",20230910211308,temp1,No,Yes,No,No,Yes
2553,"Student: Umm, I think I've got this question right, but I'm not very sure. 

Tutor: It's great that you tried. Can you tell me how you approached the question?

Student: Maybe... I mean, that's a lot of zeroes, right? Eight zeroes, that's 1 crore. So, I thought the answer is eight crores.

Tutor: I see, you're counting the zeroes. Yes, there indeed are eight zeroes following the digit 8.  So, you are making a connection to the Indian number system, correct?

Student: Yeah, exactly. In India, as I remembered, 1 crore means 10 million and, err, 1 lakh means 100 thousand.

Tutor: That's right! You've remembered correctly. So, with the 8 followed by eight zeroes, it represents eight crores. 

Student: So, I got it right? My answer was B, eight crores.

Tutor: Yes, you got it right. Excellent job! 

Student: Ah! See, I told you I sorta knew it. Just wasn't 100% sure.

Tutor: It's okay to double-check when you're not certain. Keep asking questions and learning! Good job on this one.
",20230910211257,temp1,No,No,No,Yes,Yes
246,"Student: I can't figure out this problem.

Tutor: That's okay, let's try and solve it together. Can you tell me what you think about the times Jack and Becky are stating?

Student:  Well, Jack says the time is 7:45 PM, and Becky says the time is 6:45. But the clock image shows 6:45.

Tutor: That's a good observation. So, which of the given options do you think might be correct?

Student: I think, option C, Both Jack and Becky are correct. Because they both are saying time.

Tutor: Okay, can you think of any reason why both times might not be correct?

Student: Huh, maybe it's something about AM and PM, but I'm not really sure.

Tutor: Good thought! Yes, we need to consider that Jack's time is PM while Becky's doesn't specify. What can you infer from that?

Student: Uh, maybe it means that only one time can be correct, because one is PM and the other isn't?

Tutor: It's good to consider the AM/PM aspect. But remember the picture shows 6:45, could that be AM?

Student: Oh! I didn't consider that. If the picture is 6:45 AM, then both Jack and Becky are incorrect. So, the answer would be option D?

Tutor: That's correct! You did a good job of figuring out the problem. Keep it up!",20230910211243,temp1,No,Yes,No,Yes,Yes
4497,"Student: Hi Tutor. I need some help with this math problem about angle y.

Tutor: Of course! I'd be happy to help. Can you explain what you've tried so far?

Student: I see in the image that the rest of the space around the vertex is labelled four times y. So, I thought that maybe the full circle would add up to 360 degrees.

Tutor: That's great thinking! So, how did you use that information to try to solve for angle y?

Student: Well, if y and 4y add up to 360, then I thought I could solve for y by making an equation. So, I did y + 4y = 360.

Tutor: That's excellent! And what did you get when you combined like terms and solved for y?

Student: I got 5y equals to 360, then I divided 360 by 5, and I got 72 as the value of y.

Tutor: That's fantastic! 72 is indeed the size of the angle y. Well done!
",20230910211257,temp1,Yes,No,No,No,Yes
5482,"Student: I really thought I was going to get this one wrong but it turns out my answer was correct.

Tutor: That's excellent! Your answer did turn out to be correct. And I notice your confidence in this question was 100%. Why were you worried?

Student: I guess because the other student's measurements were close to 96 too, and it got me second-guessing.

Tutor: Ah, I understand how seeing those other options could cause some uncertainty. Can you explain why you chose 96 over the others?

Student: It's because I just decided to trust what the protractor was showing.

Tutor: That sounds like a very logical approach! So you made use of the information given directly by the protractor. Trusting the tools is often a good way to go. Is there anything about this question that you're still unsure about?

Student: Not really, I suppose I just need more confidence in my answers. But I think I'm getting the hang of it now.

Tutor: Wonderful! Trusting in your understanding is crucial. And remember, it's okay to be unsure sometimes. That's part of learning. You're doing great, ready for the next problem?",20230910211312,temp1,No,No,No,No,No
